[
    {
        "name": "Europe",
        "countries": [
            {
                "name": "Albania",
                "capital": "Tirana"
            },
            {
                "name": "Andorra",
                "capital": "Andorra la Vella"
            },
            {
                "name": "Austria",
                "capital": "Vienna"
            },
            {
                "name": "Belarus",
                "capital": "Minsk"
            },
            {
                "name": "Belgium",
                "capital": "Brussels"
            },
            {
                "name": "Bosnia & Herzegovina",
                "capital": "Sarajevo"
            },
            {
                "name": "Bulgaria",
                "capital": "Sofia"
            },
            {
                "name": "Croatia",
                "capital": "Zagreb"
            },
            {
                "name": "Czech Republic",
                "capital": "Prague"
            },
            {
                "name": "Denmark",
                "capital": "Copenhagen"
            },
            {
                "name": "Estonia",
                "capital": "Tallinn"
            },
            {
                "name": "Finland",
                "capital": "Helsinki"
            },
            {
                "name": "France",
                "capital": "Paris"
            },
            {
                "name": "Germany",
                "capital": "Berlin"
            },
            {
                "name": "Greece",
                "capital": "Athens"
            },
            {
                "name": "Hungary",
                "capital": "Budapest"
            },
            {
                "name": "Iceland",
                "capital": "Reykjavik"
            },
            {
                "name": "Ireland",
                "capital": "Dublin"
            },
            {
                "name": "Italy",
                "capital": "Rome"
            },
            {
                "name": "Kosovo",
                "capital": "Pristina"
            },
            {
                "name": "Latvia",
                "capital": "Riga"
            },
            {
                "name": "Liechtenstein",
                "capital": "Vaduz"
            },
            {
                "name": "Lithuania",
                "capital": "Vilnius"
            },
            {
                "name": "Luxembourg",
                "capital": "Luxembourg"
            },
            {
                "name": "Malta",
                "capital": "Valletta"
            },
            {
                "name": "Moldova",
                "capital": "Chisinau"
            },
            {
                "name": "Monaco",
                "capital": "Monaco"
            },
            {
                "name": "Montenegro",
                "capital": "Podgorica"
            },
            {
                "name": "Netherlands",
                "capital": "Amsterdam"
            },
            {
                "name": "North Macedonia",
                "capital": "Skopje"
            },
            {
                "name": "Norway",
                "capital": "Oslo"
            },
            {
                "name": "Poland",
                "capital": "Warsaw"
            },
            {
                "name": "Portugal",
                "capital": "Lisbon"
            },
            {
                "name": "Romania",
                "capital": "Bucharest"
            },
            {
                "name": "Russia",
                "capital": "Moscow"
            },
            {
                "name": "San Marino",
                "capital": "San Marino"
            },
            {
                "name": "Serbia",
                "capital": "Belgrade"
            },
            {
                "name": "Slovakia",
                "capital": "Bratislava"
            },
            {
                "name": "Slovenia",
                "capital": "Ljubljana"
            },
            {
                "name": "Spain",
                "capital": "Madrid"
            },
            {
                "name": "Sweden",
                "capital": "Stockholm"
            },
            {
                "name": "Switzerland",
                "capital": "Bern"
            },
            {
                "name": "Ukraine",
                "capital": "Kiev"
            },
            {
                "name": "United Kingdom",
                "capital": "London"
            },
            {
                "name": "Vatican City",
                "capital": "Vatican City"
            }
        ]
    },
    {
        "name": "Asia",
        "countries": [
            {
                "name": "Afghanistan",
                "capital": "Kabul"
            },
            {
                "name": "Armenia",
                "capital": "Yerevan"
            },
            {
                "name": "Azerbaijan",
                "capital": "Baku"
            },
            {
                "name": "Bahrain",
                "capital": "Manama"
            },
            {
                "name": "Bangladesh",
                "capital": "Dhaka"
            },
            {
                "name": "Bhutan",
                "capital": "Thimphu"
            },
            {
                "name": "Brunei",
                "capital": "Bandar Seri Begawan"
            },
            {
                "name": "Cambodia",
                "capital": "Phnom Penh"
            },
            {
                "name": "China",
                "capital": "Beijing"
            },
            {
                "name": "Cyprus",
                "capital": "Nicosia"
            },
            {
                "name": "East Timor",
                "capital": "Dili"
            },
            {
                "name": "Georgia",
                "capital": "Tbilisi"
            },
            {
                "name": "India",
                "capital": "New Delhi"
            },
            {
                "name": "Indonesia",
                "capital": "Jakarta"
            },
            {
                "name": "Iran",
                "capital": "Tehran"
            },
            {
                "name": "Iraq",
                "capital": "Baghdad"
            },
            {
                "name": "Israel",
                "capital": "Jerusalem"
            },
            {
                "name": "Japan",
                "capital": "Tokyo"
            },
            {
                "name": "Jordan",
                "capital": "Amman"
            },
            {
                "name": "Kazakhstan",
                "capital": "Nur-Sultan"
            },
            {
                "name": "Kuwait",
                "capital": "Kuwait City"
            },
            {
                "name": "Kyrgyzstan",
                "capital": "Bishkek"
            },
            {
                "name": "Laos",
                "capital": "Vientiane"
            },
            {
                "name": "Lebanon",
                "capital": "Beirut"
            },
            {
                "name": "Malaysia",
                "capital": "Kuala Lumpur"
            },
            {
                "name": "Maldives",
                "capital": "Male"
            },
            {
                "name": "Mongolia",
                "capital": "Ulaanbaatar"
            },
            {
                "name": "Myanmar",
                "capital": "Naypyidaw"
            },
            {
                "name": "Nepal",
                "capital": "Kathmandu"
            },
            {
                "name": "North Korea",
                "capital": "Pyongyang"
            },
            {
                "name": "Oman",
                "capital": "Muscat"
            },
            {
                "name": "Pakistan",
                "capital": "Islamabad"
            },
            {
                "name": "Philippines",
                "capital": "Manila"
            },
            {
                "name": "Qatar",
                "capital": "Doha"
            },
            {
                "name": "Saudi Arabia",
                "capital": "Riyadh"
            },
            {
                "name": "Singapore",
                "capital": "Singapore"
            },
            {
                "name": "South Korea",
                "capital": "Seoul"
            },
            {
                "name": "Sri Lanka",
                "capital": "Sri Jayawardenepura Kotte"
            },
            {
                "name": "Syria",
                "capital": "Damascus"
            },
            {
                "name": "Taiwan",
                "capital": "Taipei"
            },
            {
                "name": "Tajikistan",
                "capital": "Dushanbe"
            },
            {
                "name": "Thailand",
                "capital": "Bangkok"
            },
            {
                "name": "Turkey",
                "capital": "Ankara"
            },
            {
                "name": "Turkmenistan",
                "capital": "Ashgabat"
            },
            {
                "name": "United Arab Emirates",
                "capital": "Abu Dhabi"
            },
            {
                "name": "Uzbekistan",
                "capital": "Tashkent"
            },
            {
                "name": "Vietnam",
                "capital": "Hanoi"
            },
            {
                "name": "Yemen",
                "capital": "Sana'a"
            }
        ]
    },
    {
        "name": "North America",
        "countries": [
            {
                "name": "Antigua & Barbuda",
                "capital": "Saint John's"
            },
            {
                "name": "Bahamas",
                "capital": "Nassau"
            },
            {
                "name": "Barbados",
                "capital": "Bridgetown"
            },
            {
                "name": "Belize",
                "capital": "Belmopan"
            },
            {
                "name": "Canada",
                "capital": "Ottawa"
            },
            {
                "name": "Costa Rica",
                "capital": "San Jose"
            },
            {
                "name": "Cuba",
                "capital": "Havana"
            },
            {
                "name": "Dominica",
                "capital": "Roseau"
            },
            {
                "name": "Dominican Republic",
                "capital": "Santo Domingo"
            },
            {
                "name": "El Salvador",
                "capital": "San Salvador"
            },
            {
                "name": "Grenada",
                "capital": "Saint George's"
            },
            {
                "name": "Guatemala",
                "capital": "Guatemala City"
            },
            {
                "name": "Haiti",
                "capital": "Port-au-Prince"
            },
            {
                "name": "Honduras",
                "capital": "Tegucigalpa"
            },
            {
                "name": "Jamaica",
                "capital": "Kingston"
            },
            {
                "name": "Mexico",
                "capital": "Mexico City"
            },
            {
                "name": "Nicaragua",
                "capital": "Managua"
            },
            {
                "name": "Panama",
                "capital": "Panama City"
            },
            {
                "name": "St. Kitts & Nevis",
                "capital": "Basseterre"
            },
            {
                "name": "St. Lucia",
                "capital": "Castries"
            },
            {
                "name": "St. Vincent & the Grenadines",
                "capital": "Kingstown"
            },
            {
                "name": "Trinidad & Tobago",
                "capital": "Port-of-Spain"
            },
            {
                "name": "United States",
                "capital": "Washington D.C."
            }
        ]
    },
    {
        "name": "South America",
        "countries": [
            {
                "name": "Argentina",
                "capital": "Buenos Aires"
            },
            {
                "name": "Bolivia",
                "capital": "La Paz"
            },
            {
                "name": "Brazil",
                "capital": "Brasilia"
            },
            {
                "name": "Chile",
                "capital": "Santiago"
            },
            {
                "name": "Colombia",
                "capital": "Bogota"
            },
            {
                "name": "Ecuador",
                "capital": "Quito"
            },
            {
                "name": "Guyana",
                "capital": "Georgetown"
            },
            {
                "name": "Paraguay",
                "capital": "Asuncion"
            },
            {
                "name": "Peru",
                "capital": "Lima"
            },
            {
                "name": "Suriname",
                "capital": "Paramaribo"
            },
            {
                "name": "Uruguay",
                "capital": "Montevideo"
            },
            {
                "name": "Venezuela",
                "capital": "Caracas"
            }
        ]
    },
    {
        "name": "Africa",
        "countries": [
            {
                "name": "Algeria",
                "capital": "Algiers"
            },
            {
                "name": "Angola",
                "capital": "Luanda"
            },
            {
                "name": "Benin",
                "capital": "Porto-Novo"
            },
            {
                "name": "Botswana",
                "capital": "Gaborone"
            },
            {
                "name": "Burkina Faso",
                "capital": "Ouagadougou"
            },
            {
                "name": "Burundi",
                "capital": "Gitega"
            },
            {
                "name": "Cameroon",
                "capital": "Yaounde"
            },
            {
                "name": "Cape Verde",
                "capital": "Praia"
            },
            {
                "name": "Central African Republic",
                "capital": "Bangui"
            },
            {
                "name": "Chad",
                "capital": "N'Djamena"
            },
            {
                "name": "Comoros",
                "capital": "Moroni"
            },
            {
                "name": "Democratic Republic of the Congo",
                "capital": "Kinshasa"
            },
            {
                "name": "Republic of the Congo",
                "capital": "Brazzaville"
            },
            {
                "name": "Djibouti",
                "capital": "Djibouti"
            },
            {
                "name": "Egypt",
                "capital": "Cairo"
            },
            {
                "name": "Equatorial Guinea",
                "capital": "Malabo"
            },
            {
                "name": "Eritrea",
                "capital": "Asmara"
            },
            {
                "name": "Eswatini",
                "capital": "Mbabane"
            },
            {
                "name": "Ethiopia",
                "capital": "Addis Ababa"
            },
            {
                "name": "Gabon",
                "capital": "Libreville"
            },
            {
                "name": "Gambia",
                "capital": "Banjul"
            },
            {
                "name": "Ghana",
                "capital": "Accra"
            },
            {
                "name": "Guinea",
                "capital": "Conakry"
            },
            {
                "name": "Guinea-Bissau",
                "capital": "Bissau"
            },
            {
                "name": "Ivory Coast",
                "capital": "Yamoussoukro"
            },
            {
                "name": "Kenya",
                "capital": "Nairobi"
            },
            {
                "name": "Lesotho",
                "capital": "Maseru"
            },
            {
                "name": "Liberia",
                "capital": "Monrovia"
            },
            {
                "name": "Libya",
                "capital": "Tripoli"
            },
            {
                "name": "Madagascar",
                "capital": "Antananarivo"
            },
            {
                "name": "Malawi",
                "capital": "Lilongwe"
            },
            {
                "name": "Mali",
                "capital": "Bamako"
            },
            {
                "name": "Mauritania",
                "capital": "Nouakchott"
            },
            {
                "name": "Mauritius",
                "capital": "Port Louis"
            },
            {
                "name": "Morocco",
                "capital": "Rabat"
            },
            {
                "name": "Mozambique",
                "capital": "Maputo"
            },
            {
                "name": "Namibia",
                "capital": "Windhoek"
            },
            {
                "name": "Niger",
                "capital": "Niamey"
            },
            {
                "name": "Nigeria",
                "capital": "Abuja"
            },
            {
                "name": "Rwanda",
                "capital": "Kigali"
            },
            {
                "name": "Sao Tome & Principe",
                "capital": "Sao Tome"
            },
            {
                "name": "Senegal",
                "capital": "Dakar"
            },
            {
                "name": "Seychelles",
                "capital": "Victoria"
            },
            {
                "name": "Sierra Leone",
                "capital": "Freetown"
            },
            {
                "name": "Somalia",
                "capital": "Mogadishu"
            },
            {
                "name": "South Africa",
                "capital": "Pretoria"
            },
            {
                "name": "South Sudan",
                "capital": "Juba"
            },
            {
                "name": "Sudan",
                "capital": "Khartoum"
            },
            {
                "name": "Tanzania",
                "capital": "Dodoma"
            },
            {
                "name": "Togo",
                "capital": "Lome"
            },
            {
                "name": "Tunisia",
                "capital": "Tunis"
            },
            {
                "name": "Uganda",
                "capital": "Kampala"
            },
            {
                "name": "Zambia",
                "capital": "Lusaka"
            },
            {
                "name": "Zimbabwe",
                "capital": "Harare"
            }
        ]
    },
    {
        "name": "Australia",
        "countries": [
            {
                "name": "Australia",
                "capital": "Canberra"
            },
            {
                "name": "Fiji",
                "capital": "Suva"
            },
            {
                "name": "Kiribati",
                "capital": "South Tarawa"
            },
            {
                "name": "Marshall Islands",
                "capital": "Majuro"
            },
            {
                "name": "Federated States of Micronesia",
                "capital": "Palikir"
            },
            {
                "name": "Nauru",
                "capital": "Yaren"
            },
            {
                "name": "New Zealand",
                "capital": "Wellington"
            },
            {
                "name": "Palau",
                "capital": "Ngerulmud"
            },
            {
                "name": "Papua New Guinea",
                "capital": "Port Moresby"
            },
            {
                "name": "Samoa",
                "capital": "Apia"
            },
            {
                "name": "Solomon Islands",
                "capital": "Honiara"
            },
            {
                "name": "Tonga",
                "capital": "Nukuʻalofa"
            },
            {
                "name": "Tuvalu",
                "capital": "Funafuti"
            },
            {
                "name": "Vanuatu",
                "capital": "Port Vila"
            }
        ]
    }
]
